C1,3.44Å,O.HOH 3493,van-der-waals,1AFA,MBG
C2,3.69Å,ND2.ASN 2103,van-der-waals,1AFA,MBG
C3,3.57Å,CE3.TRP 1893,van-der-waals,1AFA,MBG
C3,3.38Å,OE2.GLU 1983,van-der-waals,1AFA,MBG
C4,3.35Å,OD2.ASP 1873,van-der-waals,1AFA,MBG
C4,3.68Å,CB.TRP 1893,van-der-waals,1AFA,MBG
C4,3.60Å,CD2.TRP 1893,van-der-waals,1AFA,MBG
C4,3.53Å,CE3.TRP 1893,van-der-waals,1AFA,MBG
C4,3.74Å,CG.TRP 1893,van-der-waals,1AFA,MBG
C5,3.59Å,CD2.TRP 1893,van-der-waals,1AFA,MBG
C5,3.87Å,CE2.TRP 1893,van-der-waals,1AFA,MBG
C5,3.75Å,CE3.TRP 1893,van-der-waals,1AFA,MBG
C6,3.20Å,OD2.ASP 1873,van-der-waals,1AFA,MBG
C6,3.54Å,O.HOH 2953,van-der-waals,1AFA,MBG
C7,3.53Å,O.HOH 3493,van-der-waals,1AFA,MBG
O1,3.20Å,O.HOH 3493,van-der-waals,1AFA,MBG
O2,3.07Å,O.HOH 3333,hydrogen,1AFA,MBG
O2,2.84Å,O.HOH 3343,hydrogen,1AFA,MBG
O2,3.13Å,ND2.ASN 2103,van-der-waals,1AFA,MBG
O3,2.42Å,CA.CA 2273,ionic,1AFA,MBG
O3,2.54Å,OE2.GLU 1983,hydrogen,1AFA,MBG
O3,3.11Å,CD.GLU 1983,van-der-waals,1AFA,MBG
O3,2.95Å,OE1.GLU 1983,van-der-waals,1AFA,MBG
O3,3.59Å,CG.ASN 2103,van-der-waals,1AFA,MBG
O3,3.29Å,ND2.ASN 2103,van-der-waals,1AFA,MBG
O3,3.07Å,OD1.ASN 2103,van-der-waals,1AFA,MBG
O3,3.04Å,O.ASP 2113,van-der-waals,1AFA,MBG
O4,2.65Å,CA.CA 2273,ionic,1AFA,MBG
O4,2.84Å,NE2.GLN 1853,hydrogen,1AFA,MBG
O4,2.62Å,OD2.ASP 1873,hydrogen,1AFA,MBG
O4,3.45Å,CD.GLN 1853,van-der-waals,1AFA,MBG
O4,3.25Å,OE1.GLN 1853,van-der-waals,1AFA,MBG
O4,3.14Å,CG.ASP 1873,van-der-waals,1AFA,MBG
O4,2.99Å,OD1.ASP 1873,van-der-waals,1AFA,MBG
O5,2.71Å,O.HOH 3493,van-der-waals,1AFA,MBG
O6,2.71Å,O.HOH 2953,hydrogen,1AFA,MBG
O6,3.05Å,O.HOH 3413,hydrogen,1AFA,MBG
C3,3.70Å,CE3.TRP 1893,van-der-waals,1AFB,NGA
C3,3.28Å,OE2.GLU 1983,van-der-waals,1AFB,NGA
C4,3.89Å,CG.ASP 1873,van-der-waals,1AFB,NGA
C4,3.70Å,OD1.ASP 1873,van-der-waals,1AFB,NGA
C4,3.25Å,OD2.ASP 1873,van-der-waals,1AFB,NGA
C4,3.60Å,CB.TRP 1893,van-der-waals,1AFB,NGA
C4,3.65Å,CD2.TRP 1893,van-der-waals,1AFB,NGA
C4,3.61Å,CE3.TRP 1893,van-der-waals,1AFB,NGA
C4,3.72Å,CG.TRP 1893,van-der-waals,1AFB,NGA
C5,3.67Å,OD2.ASP 1873,van-der-waals,1AFB,NGA
C5,3.57Å,CD2.TRP 1893,van-der-waals,1AFB,NGA
C5,3.91Å,CE2.TRP 1893,van-der-waals,1AFB,NGA
C5,3.76Å,CE3.TRP 1893,van-der-waals,1AFB,NGA
C5,3.85Å,CG.TRP 1893,van-der-waals,1AFB,NGA
C6,2.98Å,OD2.ASP 1873,van-der-waals,1AFB,NGA
C6,3.72Å,CD1.TRP 1893,van-der-waals,1AFB,NGA
C6,3.85Å,CD2.TRP 1893,van-der-waals,1AFB,NGA
C6,3.71Å,CG.TRP 1893,van-der-waals,1AFB,NGA
C7,3.17Å,ND2.ASN 2103,van-der-waals,1AFB,NGA
C8,3.69Å,ND2.ASN 2103,van-der-waals,1AFB,NGA
C8,3.24Å,O.HOH 2623,van-der-waals,1AFB,NGA
N2,3.34Å,ND2.ASN 2103,van-der-waals,1AFB,NGA
N2,3.47Å,O.HOH 3183,van-der-waals,1AFB,NGA
O3,2.51Å,CA.CA 23,ionic,1AFB,NGA
O3,2.54Å,OE2.GLU 1983,hydrogen,1AFB,NGA
O3,3.17Å,ND2.ASN 2103,hydrogen,1AFB,NGA
O3,3.14Å,CD.GLU 1983,van-der-waals,1AFB,NGA
O3,3.04Å,OE1.GLU 1983,van-der-waals,1AFB,NGA
O3,3.62Å,CG.ASN 2103,van-der-waals,1AFB,NGA
O3,3.23Å,OD1.ASN 2103,van-der-waals,1AFB,NGA
O3,3.05Å,O.ASP 2113,van-der-waals,1AFB,NGA
O3,3.57Å,CD1.ILE 2123,van-der-waals,1AFB,NGA
O4,2.56Å,CA.CA 23,ionic,1AFB,NGA
O4,2.96Å,NE2.GLN 1853,hydrogen,1AFB,NGA
O4,2.51Å,OD2.ASP 1873,hydrogen,1AFB,NGA
O4,3.49Å,CD.GLN 1853,van-der-waals,1AFB,NGA
O4,3.25Å,OE1.GLN 1853,van-der-waals,1AFB,NGA
O4,3.04Å,CG.ASP 1873,van-der-waals,1AFB,NGA
O4,2.95Å,OD1.ASP 1873,van-der-waals,1AFB,NGA
O7,3.31Å,ND2.ASN 2103,van-der-waals,1AFB,NGA
C3,3.70Å,CE3.TRP 1893,van-der-waals,1BCJ,NGA
C3,3.35Å,OE2.GLU 1983,van-der-waals,1BCJ,NGA
C4,3.35Å,OD2.ASP 1873,van-der-waals,1BCJ,NGA
C4,3.49Å,CB.TRP 1893,van-der-waals,1BCJ,NGA
C4,3.55Å,CD2.TRP 1893,van-der-waals,1BCJ,NGA
C4,3.39Å,CE3.TRP 1893,van-der-waals,1BCJ,NGA
C4,3.67Å,CG.TRP 1893,van-der-waals,1BCJ,NGA
C5,3.48Å,CD2.TRP 1893,van-der-waals,1BCJ,NGA
C5,3.51Å,CE3.TRP 1893,van-der-waals,1BCJ,NGA
C5,3.86Å,CG.TRP 1893,van-der-waals,1BCJ,NGA
C5,3.41Å/22918°,"CD1,CD2,CE2,CG,NE1.TRP 1893",plane-atom,1BCJ,NGA
C5,3.41Å/22918°,"CD2,CE2,CE3,CH2,CZ2,CZ3.TRP 1893",plane-atom,1BCJ,NGA
C6,3.30Å,OD2.ASP 1873,van-der-waals,1BCJ,NGA
C6,3.61Å,CD1.TRP 1893,van-der-waals,1BCJ,NGA
C6,3.45Å,CD2.TRP 1893,van-der-waals,1BCJ,NGA
C6,3.57Å,CE2.TRP 1893,van-der-waals,1BCJ,NGA
C6,3.48Å,CG.TRP 1893,van-der-waals,1BCJ,NGA
C6,3.66Å,NE1.TRP 1893,van-der-waals,1BCJ,NGA
C6,3.69Å,O.HOH 2773,van-der-waals,1BCJ,NGA
C6,3.33Å/22918°,"CD1,CD2,CE2,CG,NE1.TRP 1893",plane-atom,1BCJ,NGA
C6,3.34Å/22918°,"CD2,CE2,CE3,CH2,CZ2,CZ3.TRP 1893",plane-atom,1BCJ,NGA
C7,3.89Å,CG.ASN 2103,van-der-waals,1BCJ,NGA
C7,3.29Å,ND2.ASN 2103,van-der-waals,1BCJ,NGA
N2,3.52Å,ND2.ASN 2103,van-der-waals,1BCJ,NGA
O3,2.54Å,CA.CA 23,ionic,1BCJ,NGA
O3,2.58Å,OE2.GLU 1983,hydrogen,1BCJ,NGA
O3,3.20Å,ND2.ASN 2103,hydrogen,1BCJ,NGA
O3,3.16Å,CD.GLU 1983,van-der-waals,1BCJ,NGA
O3,3.07Å,OE1.GLU 1983,van-der-waals,1BCJ,NGA
O3,3.69Å,CG.ASN 2103,van-der-waals,1BCJ,NGA
O3,3.33Å,OD1.ASN 2103,van-der-waals,1BCJ,NGA
O3,3.24Å,O.ASP 2113,van-der-waals,1BCJ,NGA
O3,3.52Å,CD1.ILE 2123,van-der-waals,1BCJ,NGA
O4,2.60Å,CA.CA 23,ionic,1BCJ,NGA
O4,3.19Å,NE2.GLN 1853,hydrogen,1BCJ,NGA
O4,2.44Å,OD2.ASP 1873,hydrogen,1BCJ,NGA
O4,3.58Å,CD.GLN 1853,van-der-waals,1BCJ,NGA
O4,3.23Å,OE1.GLN 1853,van-der-waals,1BCJ,NGA
O4,3.01Å,CG.ASP 1873,van-der-waals,1BCJ,NGA
O4,2.95Å,OD1.ASP 1873,van-der-waals,1BCJ,NGA
O7,3.53Å,CG.ASN 2103,van-der-waals,1BCJ,NGA
O7,3.35Å,ND2.ASN 2103,van-der-waals,1BCJ,NGA
"C7,C8,N2,O7",3.25Å/18°,"CB,CG,ND2,OD1.ASN 2103",plane-plane,1BCJ,NGA
C2,3.68Å,OE1.GLU 193C,van-der-waals,1KWU,MMA
C2,3.28Å,O.HOH 783C,van-der-waals,1KWU,MMA
C3,3.85Å,CD.GLU 193C,van-der-waals,1KWU,MMA
C3,3.12Å,OE1.GLU 193C,van-der-waals,1KWU,MMA
C4,3.31Å,OE1.GLU 185C,van-der-waals,1KWU,MMA
C4,3.65Å,O.HOH 748C,van-der-waals,1KWU,MMA
C4,3.51Å,O.HOH 801C,van-der-waals,1KWU,MMA
C7,3.58Å,CE1.HIS 189C,van-der-waals,1KWU,MMA
O1,3.04Å,O.HOH 799C,van-der-waals,1KWU,MMA
O2,3.14Å,ND2.ASN 205C,hydrogen,1KWU,MMA
O2,2.47Å,O.HOH 783C,hydrogen,1KWU,MMA
O2,2.72Å,O.HOH 801C,hydrogen,1KWU,MMA
O3,2.37Å,CA.CA 703C,ionic,1KWU,MMA
O3,3.06Å,ND2.ASN 205C,hydrogen,1KWU,MMA
O3,3.09Å,CD.GLU 193C,van-der-waals,1KWU,MMA
O3,2.53Å,OE1.GLU 193C,van-der-waals,1KWU,MMA
O3,2.95Å,OE2.GLU 193C,van-der-waals,1KWU,MMA
O3,3.49Å,CG.ASN 205C,van-der-waals,1KWU,MMA
O3,3.13Å,OD1.ASN 205C,van-der-waals,1KWU,MMA
O3,2.95Å,O.ASP 206C,van-der-waals,1KWU,MMA
O4,2.76Å,CA.CA 703C,ionic,1KWU,MMA
O4,2.82Å,ND2.ASN 187C,hydrogen,1KWU,MMA
O4,3.22Å,CD.GLU 185C,van-der-waals,1KWU,MMA
O4,2.51Å,OE1.GLU 185C,van-der-waals,1KWU,MMA
O4,3.19Å,OE2.GLU 185C,van-der-waals,1KWU,MMA
O4,3.34Å,CG.ASN 187C,van-der-waals,1KWU,MMA
O4,3.16Å,OD1.ASN 187C,van-der-waals,1KWU,MMA
O5,3.41Å,O.HOH 801C,van-der-waals,1KWU,MMA
"C1,C2,C3,C4,C5,O5",3.33Å,O.HOH 801C,plane-atom,1KWU,MMA
"C1,C2,C3,C4,C5,O5",4.67Å/11°,"CD2,CE1,CG,ND1,NE2.HIS 189C",plane-plane,1KWU,MMA
